CREATE DATABASE  IF NOT EXISTS `mini_pos_db` /*!40100 DEFAULT CHARACTER SET utf8mb4 COLLATE utf8mb4_0900_ai_ci */ /*!80016 DEFAULT ENCRYPTION='N' */;
USE `mini_pos_db`;
-- MySQL dump 10.13  Distrib 8.0.42, for Win64 (x86_64)
--
-- Host: localhost    Database: mini_pos_db
-- ------------------------------------------------------
-- Server version	8.0.42

/*!40101 SET @OLD_CHARACTER_SET_CLIENT=@@CHARACTER_SET_CLIENT */;
/*!40101 SET @OLD_CHARACTER_SET_RESULTS=@@CHARACTER_SET_RESULTS */;
/*!40101 SET @OLD_COLLATION_CONNECTION=@@COLLATION_CONNECTION */;
/*!50503 SET NAMES utf8 */;
/*!40103 SET @OLD_TIME_ZONE=@@TIME_ZONE */;
/*!40103 SET TIME_ZONE='+00:00' */;
/*!40014 SET @OLD_UNIQUE_CHECKS=@@UNIQUE_CHECKS, UNIQUE_CHECKS=0 */;
/*!40014 SET @OLD_FOREIGN_KEY_CHECKS=@@FOREIGN_KEY_CHECKS, FOREIGN_KEY_CHECKS=0 */;
/*!40101 SET @OLD_SQL_MODE=@@SQL_MODE, SQL_MODE='NO_AUTO_VALUE_ON_ZERO' */;
/*!40111 SET @OLD_SQL_NOTES=@@SQL_NOTES, SQL_NOTES=0 */;

--
-- Table structure for table `cart`
--

DROP TABLE IF EXISTS `cart`;
/*!40101 SET @saved_cs_client     = @@character_set_client */;
/*!50503 SET character_set_client = utf8mb4 */;
CREATE TABLE `cart` (
  `id` int NOT NULL AUTO_INCREMENT,
  `user_id` int NOT NULL,
  `item_id` int NOT NULL,
  `quantity` int NOT NULL,
  `added_at` timestamp NULL DEFAULT CURRENT_TIMESTAMP,
  PRIMARY KEY (`id`),
  UNIQUE KEY `item_id` (`item_id`),
  KEY `user_id` (`user_id`),
  CONSTRAINT `cart_ibfk_1` FOREIGN KEY (`user_id`) REFERENCES `users` (`id`) ON DELETE CASCADE,
  CONSTRAINT `cart_ibfk_2` FOREIGN KEY (`item_id`) REFERENCES `items` (`id`) ON DELETE CASCADE
) ENGINE=InnoDB DEFAULT CHARSET=utf8mb4 COLLATE=utf8mb4_0900_ai_ci;
/*!40101 SET character_set_client = @saved_cs_client */;

--
-- Dumping data for table `cart`
--

LOCK TABLES `cart` WRITE;
/*!40000 ALTER TABLE `cart` DISABLE KEYS */;
/*!40000 ALTER TABLE `cart` ENABLE KEYS */;
UNLOCK TABLES;

--
-- Table structure for table `categories`
--

DROP TABLE IF EXISTS `categories`;
/*!40101 SET @saved_cs_client     = @@character_set_client */;
/*!50503 SET character_set_client = utf8mb4 */;
CREATE TABLE `categories` (
  `id` int NOT NULL AUTO_INCREMENT,
  `category_name` varchar(100) NOT NULL,
  PRIMARY KEY (`id`),
  UNIQUE KEY `category_name` (`category_name`)
) ENGINE=InnoDB AUTO_INCREMENT=5 DEFAULT CHARSET=utf8mb4 COLLATE=utf8mb4_0900_ai_ci;
/*!40101 SET character_set_client = @saved_cs_client */;

--
-- Dumping data for table `categories`
--

LOCK TABLES `categories` WRITE;
/*!40000 ALTER TABLE `categories` DISABLE KEYS */;
INSERT INTO `categories` VALUES (4,'Console'),(3,'HeadPhone'),(2,'Laptops'),(1,'Phones');
/*!40000 ALTER TABLE `categories` ENABLE KEYS */;
UNLOCK TABLES;

--
-- Table structure for table `items`
--

DROP TABLE IF EXISTS `items`;
/*!40101 SET @saved_cs_client     = @@character_set_client */;
/*!50503 SET character_set_client = utf8mb4 */;
CREATE TABLE `items` (
  `id` int NOT NULL AUTO_INCREMENT,
  `item_code` varchar(50) NOT NULL,
  `name` varchar(100) NOT NULL,
  `price` decimal(10,2) NOT NULL,
  `photo` varchar(255) DEFAULT NULL,
  `category_id` int NOT NULL,
  `created_at` timestamp NULL DEFAULT CURRENT_TIMESTAMP,
  PRIMARY KEY (`id`),
  UNIQUE KEY `item_code` (`item_code`),
  KEY `category_id` (`category_id`),
  CONSTRAINT `items_ibfk_1` FOREIGN KEY (`category_id`) REFERENCES `categories` (`id`) ON DELETE CASCADE ON UPDATE CASCADE
) ENGINE=InnoDB AUTO_INCREMENT=52 DEFAULT CHARSET=utf8mb4 COLLATE=utf8mb4_0900_ai_ci;
/*!40101 SET character_set_client = @saved_cs_client */;

--
-- Dumping data for table `items`
--

LOCK TABLES `items` WRITE;
/*!40000 ALTER TABLE `items` DISABLE KEYS */;
INSERT INTO `items` VALUES (1,'ACER001','Acer Aspire Lite 15',2550000.00,'Acer_Aspire_Lite_15.png',2,'2025-12-14 21:31:58'),(2,'APP001','Apple iPhone 13',2320000.00,'AppleiPhone13.jpg',1,'2025-12-14 21:31:58'),(3,'APP002','Apple iPhone 16',3560000.00,'AppleiPhone16.jpg',1,'2025-12-14 21:31:58'),(4,'APP003','Apple iPhone 16E',3150000.00,'AppleiPhone16E.jpg',1,'2025-12-14 21:31:58'),(5,'APP004','Apple iPhone 17',4000000.00,'AppleiPhone17.jpg',1,'2025-12-14 21:31:58'),(6,'APP005','Apple iPhone 17ProMax',5200000.00,'AppleiPhone17ProMax.jpg',1,'2025-12-14 21:31:58'),(7,'APP006','Apple iPhone Air',2500000.00,'iPhone14Plus.jpg',2,'2025-12-14 21:31:58'),(8,'APP007','Apple iPhone 14Plus',4320000.00,'iPhone14Plus.jpg',1,'2025-12-14 21:31:58'),(9,'ASUS001','Asus tuf gaming a15',1200000.00,'Asus-tuf-gaming-a15.jpg',2,'2025-12-14 21:31:58'),(10,'ASUS002','ASUS Expertbook B1',1050000.00,'ASUSExpertbookB1B1403CVA.jpg',2,'2025-12-14 21:31:58'),(11,'ASUS003','ASUS ROGStrix G18',2800000.00,'ASUSROGStrixG18G815LP.jpg',2,'2025-12-14 21:31:58'),(12,'ASUS004','ASUS Vivobook Go 15 Oled',900000.00,'ASUSVivobookE1504GA-BQ333W.jpg',2,'2025-12-14 21:31:58'),(13,'ASUS005','Asus Tuf A17',1500000.00,'Asus_Tuf_A17_Gaming.jpg',2,'2025-12-14 21:31:58'),(14,'BTS001','BEAT studiopro',350000.00,'BEAT-studiopro.jpg',3,'2025-12-14 21:31:58'),(15,'DEL001','Dell Inspiron 3530',1100000.00,'DellInspiron3530.jpg',2,'2025-12-14 21:31:58'),(16,'DEL002','Dell Inspiron 5440',1300000.00,'DellInspiron5440.jpg',2,'2025-12-14 21:31:58'),(17,'GDT001','Gadet Max GM16',650000.00,'Gadet_Max_GM16.jpg',1,'2025-12-14 21:31:58'),(18,'GDT002','Gadget Max GM15',620000.00,'Gadget Max GM15.jpg',1,'2025-12-14 21:31:58'),(19,'SAM001','Samsung Galaxy A06',300000.00,'Galaxy-A06.jpg',1,'2025-12-14 21:31:58'),(20,'LEN001','Lenovo legion5',1800000.00,'Lenovo-legion5.jpg',2,'2025-12-14 21:31:58'),(21,'LEN002','Lenovo IdeaPad Slim3',950000.00,'LenovoIdeaPadSlim3.jpg',2,'2025-12-14 21:31:58'),(22,'LEN003','Lenovo Notebook V15',1050000.00,'LenovoNotebookV15G4ABP.jpg',2,'2025-12-14 21:31:58'),(23,'APP008','M3 MacBook Air',2610000.00,'M3_MacBook_Air.jpg',2,'2025-12-14 21:31:58'),(24,'APP009','M4 MacBook Air',3000000.00,'M4_MacBook_Air.jpg',2,'2025-12-14 21:31:58'),(25,'APP010','M5 MacBook Pro',4500000.00,'M5-MacBook_Pro.jpg',2,'2025-12-14 21:31:58'),(26,'SAM002','Samsung galaxy s23 Ultra',5000000.00,'mm-galaxy-s23-Ultra.png',1,'2025-12-14 21:31:58'),(27,'MSI001','MSI Modern 15',1400000.00,'MSI_Modern-15-f13m.jpg',2,'2025-12-14 21:31:58'),(28,'MSI002','MSI Modern 14',1200000.00,'MSI_Modern_14.jpg',2,'2025-12-14 21:31:58'),(29,'MSI003','MSI Venturepro 16',4800000.00,'MSI_Venturepro-16.jpg',2,'2025-12-14 21:31:58'),(30,'MSI004','MSI venturepro 17',5000000.00,'MSI_venturepro-17.jpg',2,'2025-12-14 21:31:58'),(31,'ONE001','Oneplus Nord 4',1200000.00,'Oneplus Nord 4.jpg',1,'2025-12-14 21:31:58'),(32,'ONE002','Oneplus 12',3500000.00,'Oneplus-12.jpg',1,'2025-12-14 21:31:58'),(33,'ONE003','Oneplus 12R',3200000.00,'Oneplus-12R.jpg',1,'2025-12-14 21:31:58'),(34,'ONE004','Oneplus 13',3800000.00,'Oneplus-13.jpg',1,'2025-12-14 21:31:58'),(35,'ONE005','Oneplus Nord CE3 Lite',900000.00,'Oneplus-Nord-CE-3-Lite.jpg',1,'2025-12-14 21:31:58'),(36,'RMX001','Remax RB950HB',120000.00,'Remax_RB_930HB.jpg',3,'2025-12-14 21:31:58'),(37,'RMX002','Remax_RB930HB',110000.00,'Remax_RB_930HB.jpg',3,'2025-12-14 21:31:58'),(38,'SAM003','Samsubg S25 Plus',1000000.00,'Samsung-A07.jpg',1,'2025-12-14 21:31:58'),(39,'SAM004','Samsung A07',350000.00,'Samsung-A07.jpg',1,'2025-12-14 21:31:58'),(40,'SAM005','Samsung A17',600000.00,'Samsung-A17.jpg',1,'2025-12-14 21:31:58'),(41,'SAM006','Samsung Z Fold 6',5500000.00,'Samsung-Galaxy-Z-Fold-6.jpg',1,'2025-12-14 21:31:58'),(42,'SAM007','Samsung S24 FE',1800000.00,'Samsung-S24-FE.jpg',1,'2025-12-14 21:31:58'),(43,'SAM008','Samsung S25 FE',2200000.00,'Samsung-S25-FE.jpg',1,'2025-12-14 21:31:58'),(44,'SAM009','Samsung S25 Ultra',5800000.00,'Samsung-S25-Ultra-4.jpg',1,'2025-12-14 21:31:58'),(45,'SAM010','Samsung S25',2500000.00,'Samsung-S25.jpg',1,'2025-12-14 21:31:58'),(46,'SAM011','Samsung Z Flip',4200000.00,'Samsung-Z-Flip.jpg',1,'2025-12-14 21:31:58'),(47,'SAM012','Samsung Z Fold-7',6000000.00,'Samsung-Z-Fold-7.jpg',1,'2025-12-14 21:31:58'),(48,'NSW001','Nintendo Switch 2',5000000.00,'Nintendo Switch 2.jpg',4,'2025-12-14 21:31:58'),(49,'PS001','PlayStation 1',3500000.00,'PlayStation 1.jpg',4,'2025-12-14 21:31:58'),(50,'PS002','PlayStation 2',3600000.00,'PlayStation 2.jpg',4,'2025-12-14 21:31:58'),(51,'PS005','PlayStation 5',4500000.00,'PlayStation 5.jpg',4,'2025-12-14 21:31:58');
/*!40000 ALTER TABLE `items` ENABLE KEYS */;
UNLOCK TABLES;

--
-- Table structure for table `order_items`
--

DROP TABLE IF EXISTS `order_items`;
/*!40101 SET @saved_cs_client     = @@character_set_client */;
/*!50503 SET character_set_client = utf8mb4 */;
CREATE TABLE `order_items` (
  `id` int NOT NULL AUTO_INCREMENT,
  `order_id` int NOT NULL,
  `item_id` int NOT NULL,
  `quantity` int NOT NULL,
  `price` decimal(10,2) NOT NULL,
  `subtotal` decimal(10,2) GENERATED ALWAYS AS ((`quantity` * `price`)) STORED,
  PRIMARY KEY (`id`),
  KEY `order_id` (`order_id`),
  KEY `item_id` (`item_id`),
  CONSTRAINT `order_items_ibfk_1` FOREIGN KEY (`order_id`) REFERENCES `orders` (`id`) ON DELETE CASCADE ON UPDATE CASCADE,
  CONSTRAINT `order_items_ibfk_2` FOREIGN KEY (`item_id`) REFERENCES `items` (`id`) ON DELETE CASCADE
) ENGINE=InnoDB AUTO_INCREMENT=219 DEFAULT CHARSET=utf8mb4 COLLATE=utf8mb4_0900_ai_ci;
/*!40101 SET character_set_client = @saved_cs_client */;

--
-- Dumping data for table `order_items`
--

LOCK TABLES `order_items` WRITE;
/*!40000 ALTER TABLE `order_items` DISABLE KEYS */;
INSERT INTO `order_items` (`id`, `order_id`, `item_id`, `quantity`, `price`) VALUES (1,1,2,1,2320000.00),(2,1,4,1,4000000.00),(3,2,5,1,5200000.00),(4,2,12,1,1050000.00),(5,2,15,2,350000.00),(6,3,3,1,3150000.00),(7,3,7,1,4320000.00),(8,4,18,1,650000.00),(9,4,21,1,3000000.00),(10,4,9,1,1050000.00),(11,5,11,1,1500000.00),(12,5,14,1,1100000.00),(13,6,8,1,1200000.00),(14,6,10,1,900000.00),(15,6,30,1,350000.00),(16,7,23,1,4500000.00),(17,7,21,1,3000000.00),(18,8,18,1,650000.00),(19,8,7,1,4320000.00),(20,9,29,1,120000.00),(21,9,31,1,5000000.00),(22,10,20,2,620000.00),(23,10,13,1,350000.00),(24,11,6,1,2500000.00),(25,11,22,1,2610000.00),(26,12,17,2,3600000.00),(27,12,24,1,4800000.00),(28,13,16,1,1100000.00),(29,13,32,1,5800000.00),(30,14,11,1,1500000.00),(31,14,5,1,5200000.00),(32,15,7,1,4320000.00),(33,15,9,1,1050000.00),(34,16,3,1,3150000.00),(35,16,2,1,2320000.00),(36,16,4,1,4000000.00),(37,17,12,1,1050000.00),(38,17,15,1,350000.00),(39,18,6,1,2500000.00),(40,18,10,1,900000.00),(41,19,8,1,1200000.00),(42,19,30,1,350000.00),(43,20,18,1,650000.00),(44,20,21,1,3000000.00),(45,21,2,1,2320000.00),(46,21,7,1,4320000.00),(47,22,8,1,1200000.00),(48,22,10,1,900000.00),(49,22,15,1,350000.00),(50,23,3,1,3150000.00),(51,23,6,1,2500000.00),(52,24,11,1,1500000.00),(53,24,12,1,1050000.00),(54,25,5,1,5200000.00),(55,25,14,1,1100000.00),(56,26,18,1,650000.00),(57,26,21,1,3000000.00),(58,27,23,1,4500000.00),(59,27,24,1,4800000.00),(60,28,16,1,1100000.00),(61,28,32,1,5800000.00),(62,29,9,1,1050000.00),(63,29,10,1,900000.00),(64,29,30,1,350000.00),(65,30,7,1,4320000.00),(66,30,11,1,1500000.00),(67,31,5,1,5200000.00),(68,31,6,1,2500000.00),(69,32,3,1,3150000.00),(70,32,8,1,1200000.00),(71,33,12,1,1050000.00),(72,33,15,1,350000.00),(73,34,18,1,650000.00),(74,34,21,1,3000000.00),(75,35,23,1,4500000.00),(76,35,24,1,4800000.00),(77,36,16,1,1100000.00),(78,36,32,1,5800000.00),(79,37,9,1,1050000.00),(80,37,10,1,900000.00),(81,37,30,1,350000.00),(82,38,7,1,4320000.00),(83,38,11,1,1500000.00),(84,39,5,1,5200000.00),(85,39,6,1,2500000.00),(86,40,3,1,3150000.00),(87,40,8,1,1200000.00),(88,41,12,1,1050000.00),(89,41,15,1,350000.00),(90,42,18,1,650000.00),(91,42,21,1,3000000.00),(92,43,23,1,4500000.00),(93,43,24,1,4800000.00),(94,44,16,1,1100000.00),(95,44,32,1,5800000.00),(96,45,9,1,1050000.00),(97,45,10,1,900000.00),(98,45,30,1,350000.00),(99,46,7,1,4320000.00),(100,46,11,1,1500000.00),(101,47,5,1,5200000.00),(102,47,6,1,2500000.00),(103,48,3,1,3150000.00),(104,48,8,1,1200000.00),(105,49,12,1,1050000.00),(106,49,15,1,350000.00),(107,50,18,1,650000.00),(108,50,21,1,3000000.00),(109,51,23,1,4500000.00),(110,51,24,1,4800000.00),(111,52,16,1,1100000.00),(112,52,32,1,5800000.00),(113,53,9,1,1050000.00),(114,53,10,1,900000.00),(115,53,30,1,350000.00),(116,54,7,1,4320000.00),(117,54,11,1,1500000.00),(118,55,5,1,5200000.00),(119,55,6,1,2500000.00),(120,56,3,1,3150000.00),(121,56,8,1,1200000.00),(122,57,12,1,1050000.00),(123,57,15,1,350000.00),(124,58,18,1,650000.00),(125,58,21,1,3000000.00),(126,59,23,1,4500000.00),(127,59,24,1,4800000.00),(128,60,16,1,1100000.00),(129,60,32,1,5800000.00),(130,61,9,1,1050000.00),(131,61,10,1,900000.00),(132,61,30,1,350000.00),(133,62,7,1,4320000.00),(134,62,11,1,1500000.00),(135,63,5,1,5200000.00),(136,63,6,1,2500000.00),(137,64,3,1,3150000.00),(138,64,8,1,1200000.00),(139,65,12,1,1050000.00),(140,65,15,1,350000.00),(141,66,18,1,650000.00),(142,66,21,1,3000000.00),(143,67,23,1,4500000.00),(144,67,24,1,4800000.00),(145,68,16,1,1100000.00),(146,68,32,1,5800000.00),(147,69,9,1,1050000.00),(148,69,10,1,900000.00),(149,69,30,1,350000.00),(150,70,7,1,4320000.00),(151,70,11,1,1500000.00),(152,71,5,1,5200000.00),(153,71,6,1,2500000.00),(154,72,3,1,3150000.00),(155,72,8,1,1200000.00),(156,73,12,1,1050000.00),(157,73,15,1,350000.00),(158,74,18,1,650000.00),(159,74,21,1,3000000.00),(160,75,23,1,4500000.00),(161,75,24,1,4800000.00),(162,76,16,1,1100000.00),(163,76,32,1,5800000.00),(164,77,9,1,1050000.00),(165,77,10,1,900000.00),(166,77,30,1,350000.00),(167,78,7,1,4320000.00),(168,78,11,1,1500000.00),(169,79,5,1,5200000.00),(170,79,6,1,2500000.00),(171,80,3,1,3150000.00),(172,80,8,1,1200000.00),(173,81,12,1,1050000.00),(174,81,15,1,350000.00),(175,82,18,1,650000.00),(176,82,21,1,3000000.00),(177,83,23,1,4500000.00),(178,83,24,1,4800000.00),(179,84,16,1,1100000.00),(180,84,32,1,5800000.00),(181,85,9,1,1050000.00),(182,85,10,1,900000.00),(183,85,30,1,350000.00),(184,86,7,1,4320000.00),(185,86,11,1,1500000.00),(186,87,5,1,5200000.00),(187,87,6,1,2500000.00),(188,88,3,1,3150000.00),(189,88,8,1,1200000.00),(190,89,12,1,1050000.00),(191,89,15,1,350000.00),(192,90,18,1,650000.00),(193,90,21,1,3000000.00),(194,91,23,1,4500000.00),(195,91,24,1,4800000.00),(196,92,16,1,1100000.00),(197,92,32,1,5800000.00),(198,93,9,1,1050000.00),(199,93,10,1,900000.00),(200,93,30,1,350000.00),(201,94,7,1,4320000.00),(202,94,11,1,1500000.00),(203,95,5,1,5200000.00),(204,95,6,1,2500000.00),(205,96,3,1,3150000.00),(206,96,8,1,1200000.00),(207,97,12,1,1050000.00),(208,97,15,1,350000.00),(209,98,18,1,650000.00),(210,98,21,1,3000000.00),(211,99,23,1,4500000.00),(212,99,24,1,4800000.00),(213,100,16,1,1100000.00),(214,100,32,1,5800000.00),(215,111,1,1,2550000.00),(216,111,5,1,4000000.00),(217,111,9,1,1200000.00),(218,111,12,3,900000.00);
/*!40000 ALTER TABLE `order_items` ENABLE KEYS */;
UNLOCK TABLES;

--
-- Table structure for table `orders`
--

DROP TABLE IF EXISTS `orders`;
/*!40101 SET @saved_cs_client     = @@character_set_client */;
/*!50503 SET character_set_client = utf8mb4 */;
CREATE TABLE `orders` (
  `id` int NOT NULL AUTO_INCREMENT,
  `total_amount` decimal(10,2) NOT NULL,
  `order_date` timestamp NULL DEFAULT CURRENT_TIMESTAMP,
  PRIMARY KEY (`id`)
) ENGINE=InnoDB AUTO_INCREMENT=112 DEFAULT CHARSET=utf8mb4 COLLATE=utf8mb4_0900_ai_ci;
/*!40101 SET character_set_client = @saved_cs_client */;

--
-- Dumping data for table `orders`
--

LOCK TABLES `orders` WRITE;
/*!40000 ALTER TABLE `orders` DISABLE KEYS */;
INSERT INTO `orders` VALUES (1,3200000.00,'2024-01-05 02:42:00'),(2,4100000.00,'2024-01-06 05:00:00'),(3,1800000.00,'2024-01-07 06:15:00'),(4,5000000.00,'2024-01-08 06:45:00'),(5,2700000.00,'2024-01-09 07:50:00'),(6,3300000.00,'2024-01-10 08:40:00'),(7,4700000.00,'2024-01-11 10:25:00'),(8,3500000.00,'2024-01-12 11:00:00'),(9,4200000.00,'2024-01-13 11:40:00'),(10,2600000.00,'2024-01-14 12:35:00'),(11,1250000.00,'2024-01-15 02:42:00'),(12,3500000.00,'2024-01-16 04:53:00'),(13,2550000.00,'2024-01-17 09:15:00'),(14,4200000.00,'2024-01-18 12:00:00'),(15,1800000.00,'2024-01-19 05:40:00'),(16,2750000.00,'2024-01-20 05:20:00'),(17,3900000.00,'2024-01-21 10:10:00'),(18,3100000.00,'2024-01-22 08:45:00'),(19,500000.00,'2024-01-23 02:50:00'),(20,2000000.00,'2024-01-24 07:15:00'),(21,3300000.00,'2024-01-25 10:35:00'),(22,1500000.00,'2024-01-26 04:04:00'),(23,4200000.00,'2024-01-27 12:52:00'),(24,2600000.00,'2024-01-28 07:41:00'),(25,3800000.00,'2024-01-29 11:28:00'),(26,4700000.00,'2024-01-30 09:51:00'),(27,1250000.00,'2024-01-31 04:39:00'),(28,350000.00,'2024-02-01 04:15:00'),(29,2900000.00,'2024-02-02 05:32:00'),(30,4100000.00,'2024-02-03 09:20:00'),(31,2400000.00,'2024-02-04 03:03:00'),(32,3650000.00,'2024-02-05 12:15:00'),(33,1950000.00,'2024-02-06 08:20:00'),(34,2800000.00,'2024-02-07 09:52:00'),(35,4700000.00,'2024-02-08 06:43:00'),(36,1550000.00,'2024-02-09 05:01:00'),(37,2990000.00,'2024-02-10 11:12:00'),(38,5100000.00,'2024-02-11 12:30:00'),(39,2200000.00,'2024-02-12 06:26:00'),(40,6000000.00,'2024-02-13 11:52:00'),(41,3200000.00,'2024-02-14 03:42:00'),(42,4100000.00,'2024-02-15 05:00:00'),(43,1800000.00,'2024-02-16 06:15:00'),(44,5000000.00,'2024-02-17 06:45:00'),(45,2700000.00,'2024-02-18 07:50:00'),(46,3300000.00,'2024-02-19 08:40:00'),(47,4700000.00,'2024-02-20 10:25:00'),(48,3500000.00,'2024-02-21 11:00:00'),(49,4200000.00,'2024-02-22 11:40:00'),(50,2600000.00,'2024-02-23 12:35:00'),(51,1250000.00,'2024-02-24 02:42:00'),(52,3500000.00,'2024-02-25 04:53:00'),(53,2550000.00,'2024-02-26 09:15:00'),(54,4200000.00,'2024-02-27 12:00:00'),(55,1800000.00,'2024-02-28 05:40:00'),(56,2750000.00,'2024-02-29 05:20:00'),(57,3900000.00,'2024-03-01 10:10:00'),(58,3100000.00,'2024-03-02 08:45:00'),(59,500000.00,'2024-03-03 02:50:00'),(60,2000000.00,'2024-03-04 07:15:00'),(61,3300000.00,'2024-03-05 10:35:00'),(62,1500000.00,'2024-03-06 04:04:00'),(63,4200000.00,'2024-03-07 12:52:00'),(64,2600000.00,'2024-03-08 07:41:00'),(65,3800000.00,'2024-03-09 11:28:00'),(66,4700000.00,'2024-03-10 09:51:00'),(67,1250000.00,'2024-03-11 04:39:00'),(68,350000.00,'2024-03-12 04:15:00'),(69,2900000.00,'2024-03-13 05:32:00'),(70,4100000.00,'2024-03-14 09:20:00'),(71,2400000.00,'2024-03-15 03:03:00'),(72,3650000.00,'2024-03-16 12:15:00'),(73,1950000.00,'2024-03-17 08:20:00'),(74,2800000.00,'2024-03-18 09:52:00'),(75,4700000.00,'2024-03-19 06:43:00'),(76,1550000.00,'2024-03-20 05:01:00'),(77,2990000.00,'2024-03-21 11:12:00'),(78,5100000.00,'2024-03-22 12:30:00'),(79,2200000.00,'2024-03-23 06:26:00'),(80,6000000.00,'2024-03-24 11:52:00'),(81,3200000.00,'2025-04-01 03:42:00'),(82,4100000.00,'2025-04-02 05:00:00'),(83,1800000.00,'2025-04-03 06:15:00'),(84,5000000.00,'2025-04-04 06:45:00'),(85,2700000.00,'2025-04-05 07:50:00'),(86,3300000.00,'2025-04-06 08:40:00'),(87,4700000.00,'2025-04-07 10:25:00'),(88,3500000.00,'2025-04-08 11:00:00'),(89,4200000.00,'2025-04-09 11:40:00'),(90,2600000.00,'2025-04-10 12:35:00'),(91,1250000.00,'2025-04-11 02:42:00'),(92,3500000.00,'2025-04-12 04:53:00'),(93,2550000.00,'2025-04-13 09:15:00'),(94,4200000.00,'2025-04-14 12:00:00'),(95,1800000.00,'2025-04-15 05:40:00'),(96,2750000.00,'2025-04-16 05:20:00'),(97,3900000.00,'2025-04-17 10:10:00'),(98,3100000.00,'2025-04-18 08:45:00'),(99,500000.00,'2025-04-19 02:50:00'),(100,2000000.00,'2025-04-20 07:15:00'),(101,3300000.00,'2025-04-21 10:35:00'),(102,1500000.00,'2025-04-22 04:04:00'),(103,4200000.00,'2025-04-23 12:52:00'),(104,2600000.00,'2025-04-24 07:41:00'),(105,3800000.00,'2025-04-25 11:28:00'),(106,4700000.00,'2025-04-26 09:51:00'),(107,1250000.00,'2025-04-27 04:39:00'),(108,350000.00,'2025-04-28 04:15:00'),(109,2900000.00,'2025-04-29 05:32:00'),(110,4100000.00,'2025-04-30 09:20:00'),(111,10450000.00,'2025-12-14 21:39:07');
/*!40000 ALTER TABLE `orders` ENABLE KEYS */;
UNLOCK TABLES;

--
-- Table structure for table `users`
--

DROP TABLE IF EXISTS `users`;
/*!40101 SET @saved_cs_client     = @@character_set_client */;
/*!50503 SET character_set_client = utf8mb4 */;
CREATE TABLE `users` (
  `id` int NOT NULL AUTO_INCREMENT,
  `username` varchar(50) NOT NULL,
  `password` varchar(255) NOT NULL,
  `role` enum('ADMIN','USER') NOT NULL DEFAULT 'USER',
  `approved` tinyint(1) DEFAULT '1',
  `created_at` timestamp NULL DEFAULT CURRENT_TIMESTAMP,
  PRIMARY KEY (`id`),
  UNIQUE KEY `username` (`username`)
) ENGINE=InnoDB AUTO_INCREMENT=3 DEFAULT CHARSET=utf8mb4 COLLATE=utf8mb4_0900_ai_ci;
/*!40101 SET character_set_client = @saved_cs_client */;

--
-- Dumping data for table `users`
--

LOCK TABLES `users` WRITE;
/*!40000 ALTER TABLE `users` DISABLE KEYS */;
INSERT INTO `users` VALUES (1,'Admin','83109f6388cc3de6056d1b5e2fccde528d15e16a91617f1f1be39510d747fa50','ADMIN',1,'2025-12-14 21:31:58'),(2,'User','ece19278b6ac9b19e22a1e62b0f2df52684a4a15bb9d0a8d8fb22839872cd7ae','USER',1,'2025-12-14 21:31:58');
/*!40000 ALTER TABLE `users` ENABLE KEYS */;
UNLOCK TABLES;
/*!40103 SET TIME_ZONE=@OLD_TIME_ZONE */;

/*!40101 SET SQL_MODE=@OLD_SQL_MODE */;
/*!40014 SET FOREIGN_KEY_CHECKS=@OLD_FOREIGN_KEY_CHECKS */;
/*!40014 SET UNIQUE_CHECKS=@OLD_UNIQUE_CHECKS */;
/*!40101 SET CHARACTER_SET_CLIENT=@OLD_CHARACTER_SET_CLIENT */;
/*!40101 SET CHARACTER_SET_RESULTS=@OLD_CHARACTER_SET_RESULTS */;
/*!40101 SET COLLATION_CONNECTION=@OLD_COLLATION_CONNECTION */;
/*!40111 SET SQL_NOTES=@OLD_SQL_NOTES */;

-- Dump completed on 2026-01-14 21:57:33
